--
-- PostgreSQL database dump
--

-- Dumped from database version 16.3
-- Dumped by pg_dump version 16.4

SET statement_timeout = 0;
SET lock_timeout = 0;
SET idle_in_transaction_session_timeout = 0;
SET client_encoding = 'UTF8';
SET standard_conforming_strings = on;
SELECT pg_catalog.set_config('search_path', '', false);
SET check_function_bodies = false;
SET xmloption = content;
SET client_min_messages = warning;
SET row_security = off;

SET default_tablespace = '';

SET default_table_access_method = heap;

--
-- Name: Klinik_Website_about; Type: TABLE; Schema: public; Owner: default
--

CREATE TABLE public."Klinik_Website_about" (
    id bigint NOT NULL,
    image character varying(100) NOT NULL,
    header character varying(50) NOT NULL,
    caption character varying(200) NOT NULL,
    caption_en character varying(200) NOT NULL
);


ALTER TABLE public."Klinik_Website_about" OWNER TO "default";

--
-- Name: Klinik_Website_about_id_seq; Type: SEQUENCE; Schema: public; Owner: default
--

ALTER TABLE public."Klinik_Website_about" ALTER COLUMN id ADD GENERATED BY DEFAULT AS IDENTITY (
    SEQUENCE NAME public."Klinik_Website_about_id_seq"
    START WITH 1
    INCREMENT BY 1
    NO MINVALUE
    NO MAXVALUE
    CACHE 1
);


--
-- Name: Klinik_Website_calismasaati; Type: TABLE; Schema: public; Owner: default
--

CREATE TABLE public."Klinik_Website_calismasaati" (
    id bigint NOT NULL,
    gun character varying(10) NOT NULL,
    baslangic_saati time without time zone,
    bitis_saati time without time zone,
    ogle_arasi_baslangic time without time zone,
    ogle_arasi_bitis time without time zone
);


ALTER TABLE public."Klinik_Website_calismasaati" OWNER TO "default";

--
-- Name: Klinik_Website_calismasaati_id_seq; Type: SEQUENCE; Schema: public; Owner: default
--

ALTER TABLE public."Klinik_Website_calismasaati" ALTER COLUMN id ADD GENERATED BY DEFAULT AS IDENTITY (
    SEQUENCE NAME public."Klinik_Website_calismasaati_id_seq"
    START WITH 1
    INCREMENT BY 1
    NO MINVALUE
    NO MAXVALUE
    CACHE 1
);


--
-- Name: Klinik_Website_contact; Type: TABLE; Schema: public; Owner: default
--

CREATE TABLE public."Klinik_Website_contact" (
    phone character varying(11) NOT NULL,
    email character varying(254) NOT NULL,
    name character varying(50) NOT NULL,
    konu character varying(50) NOT NULL,
    message text NOT NULL
);


ALTER TABLE public."Klinik_Website_contact" OWNER TO "default";

--
-- Name: Klinik_Website_contactinfo; Type: TABLE; Schema: public; Owner: default
--

CREATE TABLE public."Klinik_Website_contactinfo" (
    id integer NOT NULL,
    phone character varying(11) NOT NULL,
    email character varying(254) NOT NULL,
    address text NOT NULL
);


ALTER TABLE public."Klinik_Website_contactinfo" OWNER TO "default";

--
-- Name: Klinik_Website_doctorinfo; Type: TABLE; Schema: public; Owner: default
--

CREATE TABLE public."Klinik_Website_doctorinfo" (
    id integer NOT NULL,
    name character varying(255) NOT NULL,
    description text NOT NULL,
    phone character varying(11) NOT NULL
);


ALTER TABLE public."Klinik_Website_doctorinfo" OWNER TO "default";

--
-- Name: Klinik_Website_explanation; Type: TABLE; Schema: public; Owner: default
--

CREATE TABLE public."Klinik_Website_explanation" (
    id bigint NOT NULL,
    image character varying(100) NOT NULL,
    text text,
    header character varying(50) NOT NULL,
    content text,
    content_en text,
    text_en text
);


ALTER TABLE public."Klinik_Website_explanation" OWNER TO "default";

--
-- Name: Klinik_Website_explanation_id_seq; Type: SEQUENCE; Schema: public; Owner: default
--

ALTER TABLE public."Klinik_Website_explanation" ALTER COLUMN id ADD GENERATED BY DEFAULT AS IDENTITY (
    SEQUENCE NAME public."Klinik_Website_explanation_id_seq"
    START WITH 1
    INCREMENT BY 1
    NO MINVALUE
    NO MAXVALUE
    CACHE 1
);


--
-- Name: Klinik_Website_randevu; Type: TABLE; Schema: public; Owner: default
--

CREATE TABLE public."Klinik_Website_randevu" (
    tarih timestamp with time zone NOT NULL,
    saat time without time zone NOT NULL,
    ad character varying(30) NOT NULL,
    e_posta character varying(254),
    soyad character varying(20) NOT NULL,
    telefon character varying(11) NOT NULL
);


ALTER TABLE public."Klinik_Website_randevu" OWNER TO "default";

--
-- Name: Klinik_Website_servicepage; Type: TABLE; Schema: public; Owner: default
--

CREATE TABLE public."Klinik_Website_servicepage" (
    id bigint NOT NULL,
    title character varying(200) NOT NULL,
    description text,
    image character varying(100) NOT NULL,
    slug character varying(50) NOT NULL,
    description_en text
);


ALTER TABLE public."Klinik_Website_servicepage" OWNER TO "default";

--
-- Name: Klinik_Website_servicepage_id_seq; Type: SEQUENCE; Schema: public; Owner: default
--

ALTER TABLE public."Klinik_Website_servicepage" ALTER COLUMN id ADD GENERATED BY DEFAULT AS IDENTITY (
    SEQUENCE NAME public."Klinik_Website_servicepage_id_seq"
    START WITH 1
    INCREMENT BY 1
    NO MINVALUE
    NO MAXVALUE
    CACHE 1
);


--
-- Name: Klinik_Website_services; Type: TABLE; Schema: public; Owner: default
--

CREATE TABLE public."Klinik_Website_services" (
    id integer NOT NULL,
    image character varying(100) NOT NULL,
    name character varying(30),
    url character varying(100) NOT NULL,
    content text,
    content_en text,
    name_en character varying(30)
);


ALTER TABLE public."Klinik_Website_services" OWNER TO "default";

--
-- Name: Klinik_Website_services_id_seq; Type: SEQUENCE; Schema: public; Owner: default
--

ALTER TABLE public."Klinik_Website_services" ALTER COLUMN id ADD GENERATED BY DEFAULT AS IDENTITY (
    SEQUENCE NAME public."Klinik_Website_services_id_seq"
    START WITH 1
    INCREMENT BY 1
    NO MINVALUE
    NO MAXVALUE
    CACHE 1
);


--
-- Name: Klinik_Website_sliderimage; Type: TABLE; Schema: public; Owner: default
--

CREATE TABLE public."Klinik_Website_sliderimage" (
    id bigint NOT NULL,
    image character varying(100) NOT NULL,
    caption character varying(200) NOT NULL,
    header character varying(50) NOT NULL,
    caption_en character varying(200) NOT NULL
);


ALTER TABLE public."Klinik_Website_sliderimage" OWNER TO "default";

--
-- Name: Klinik_Website_sliderimage_id_seq; Type: SEQUENCE; Schema: public; Owner: default
--

ALTER TABLE public."Klinik_Website_sliderimage" ALTER COLUMN id ADD GENERATED BY DEFAULT AS IDENTITY (
    SEQUENCE NAME public."Klinik_Website_sliderimage_id_seq"
    START WITH 1
    INCREMENT BY 1
    NO MINVALUE
    NO MAXVALUE
    CACHE 1
);


--
-- Name: Klinik_Website_sosyalmedya; Type: TABLE; Schema: public; Owner: default
--

CREATE TABLE public."Klinik_Website_sosyalmedya" (
    id bigint NOT NULL,
    instagram character varying(50),
    facebook character varying(50),
    youtube character varying(50)
);


ALTER TABLE public."Klinik_Website_sosyalmedya" OWNER TO "default";

--
-- Name: Klinik_Website_sosyalmedya_id_seq; Type: SEQUENCE; Schema: public; Owner: default
--

ALTER TABLE public."Klinik_Website_sosyalmedya" ALTER COLUMN id ADD GENERATED BY DEFAULT AS IDENTITY (
    SEQUENCE NAME public."Klinik_Website_sosyalmedya_id_seq"
    START WITH 1
    INCREMENT BY 1
    NO MINVALUE
    NO MAXVALUE
    CACHE 1
);


--
-- Name: auth_group; Type: TABLE; Schema: public; Owner: default
--

CREATE TABLE public.auth_group (
    id integer NOT NULL,
    name character varying(150) NOT NULL
);


ALTER TABLE public.auth_group OWNER TO "default";

--
-- Name: auth_group_id_seq; Type: SEQUENCE; Schema: public; Owner: default
--

ALTER TABLE public.auth_group ALTER COLUMN id ADD GENERATED BY DEFAULT AS IDENTITY (
    SEQUENCE NAME public.auth_group_id_seq
    START WITH 1
    INCREMENT BY 1
    NO MINVALUE
    NO MAXVALUE
    CACHE 1
);


--
-- Name: auth_group_permissions; Type: TABLE; Schema: public; Owner: default
--

CREATE TABLE public.auth_group_permissions (
    id bigint NOT NULL,
    group_id integer NOT NULL,
    permission_id integer NOT NULL
);


ALTER TABLE public.auth_group_permissions OWNER TO "default";

--
-- Name: auth_group_permissions_id_seq; Type: SEQUENCE; Schema: public; Owner: default
--

ALTER TABLE public.auth_group_permissions ALTER COLUMN id ADD GENERATED BY DEFAULT AS IDENTITY (
    SEQUENCE NAME public.auth_group_permissions_id_seq
    START WITH 1
    INCREMENT BY 1
    NO MINVALUE
    NO MAXVALUE
    CACHE 1
);


--
-- Name: auth_permission; Type: TABLE; Schema: public; Owner: default
--

CREATE TABLE public.auth_permission (
    id integer NOT NULL,
    name character varying(255) NOT NULL,
    content_type_id integer NOT NULL,
    codename character varying(100) NOT NULL
);


ALTER TABLE public.auth_permission OWNER TO "default";

--
-- Name: auth_permission_id_seq; Type: SEQUENCE; Schema: public; Owner: default
--

ALTER TABLE public.auth_permission ALTER COLUMN id ADD GENERATED BY DEFAULT AS IDENTITY (
    SEQUENCE NAME public.auth_permission_id_seq
    START WITH 1
    INCREMENT BY 1
    NO MINVALUE
    NO MAXVALUE
    CACHE 1
);


--
-- Name: auth_user; Type: TABLE; Schema: public; Owner: default
--

CREATE TABLE public.auth_user (
    id integer NOT NULL,
    password character varying(128) NOT NULL,
    last_login timestamp with time zone,
    is_superuser boolean NOT NULL,
    username character varying(150) NOT NULL,
    first_name character varying(150) NOT NULL,
    last_name character varying(150) NOT NULL,
    email character varying(254) NOT NULL,
    is_staff boolean NOT NULL,
    is_active boolean NOT NULL,
    date_joined timestamp with time zone NOT NULL
);


ALTER TABLE public.auth_user OWNER TO "default";

--
-- Name: auth_user_groups; Type: TABLE; Schema: public; Owner: default
--

CREATE TABLE public.auth_user_groups (
    id bigint NOT NULL,
    user_id integer NOT NULL,
    group_id integer NOT NULL
);


ALTER TABLE public.auth_user_groups OWNER TO "default";

--
-- Name: auth_user_groups_id_seq; Type: SEQUENCE; Schema: public; Owner: default
--

ALTER TABLE public.auth_user_groups ALTER COLUMN id ADD GENERATED BY DEFAULT AS IDENTITY (
    SEQUENCE NAME public.auth_user_groups_id_seq
    START WITH 1
    INCREMENT BY 1
    NO MINVALUE
    NO MAXVALUE
    CACHE 1
);


--
-- Name: auth_user_id_seq; Type: SEQUENCE; Schema: public; Owner: default
--

ALTER TABLE public.auth_user ALTER COLUMN id ADD GENERATED BY DEFAULT AS IDENTITY (
    SEQUENCE NAME public.auth_user_id_seq
    START WITH 1
    INCREMENT BY 1
    NO MINVALUE
    NO MAXVALUE
    CACHE 1
);


--
-- Name: auth_user_user_permissions; Type: TABLE; Schema: public; Owner: default
--

CREATE TABLE public.auth_user_user_permissions (
    id bigint NOT NULL,
    user_id integer NOT NULL,
    permission_id integer NOT NULL
);


ALTER TABLE public.auth_user_user_permissions OWNER TO "default";

--
-- Name: auth_user_user_permissions_id_seq; Type: SEQUENCE; Schema: public; Owner: default
--

ALTER TABLE public.auth_user_user_permissions ALTER COLUMN id ADD GENERATED BY DEFAULT AS IDENTITY (
    SEQUENCE NAME public.auth_user_user_permissions_id_seq
    START WITH 1
    INCREMENT BY 1
    NO MINVALUE
    NO MAXVALUE
    CACHE 1
);


--
-- Name: django_admin_log; Type: TABLE; Schema: public; Owner: default
--

CREATE TABLE public.django_admin_log (
    id integer NOT NULL,
    action_time timestamp with time zone NOT NULL,
    object_id text,
    object_repr character varying(200) NOT NULL,
    action_flag smallint NOT NULL,
    change_message text NOT NULL,
    content_type_id integer,
    user_id integer NOT NULL,
    CONSTRAINT django_admin_log_action_flag_check CHECK ((action_flag >= 0))
);


ALTER TABLE public.django_admin_log OWNER TO "default";

--
-- Name: django_admin_log_id_seq; Type: SEQUENCE; Schema: public; Owner: default
--

ALTER TABLE public.django_admin_log ALTER COLUMN id ADD GENERATED BY DEFAULT AS IDENTITY (
    SEQUENCE NAME public.django_admin_log_id_seq
    START WITH 1
    INCREMENT BY 1
    NO MINVALUE
    NO MAXVALUE
    CACHE 1
);


--
-- Name: django_content_type; Type: TABLE; Schema: public; Owner: default
--

CREATE TABLE public.django_content_type (
    id integer NOT NULL,
    app_label character varying(100) NOT NULL,
    model character varying(100) NOT NULL
);


ALTER TABLE public.django_content_type OWNER TO "default";

--
-- Name: django_content_type_id_seq; Type: SEQUENCE; Schema: public; Owner: default
--

ALTER TABLE public.django_content_type ALTER COLUMN id ADD GENERATED BY DEFAULT AS IDENTITY (
    SEQUENCE NAME public.django_content_type_id_seq
    START WITH 1
    INCREMENT BY 1
    NO MINVALUE
    NO MAXVALUE
    CACHE 1
);


--
-- Name: django_migrations; Type: TABLE; Schema: public; Owner: default
--

CREATE TABLE public.django_migrations (
    id bigint NOT NULL,
    app character varying(255) NOT NULL,
    name character varying(255) NOT NULL,
    applied timestamp with time zone NOT NULL
);


ALTER TABLE public.django_migrations OWNER TO "default";

--
-- Name: django_migrations_id_seq; Type: SEQUENCE; Schema: public; Owner: default
--

ALTER TABLE public.django_migrations ALTER COLUMN id ADD GENERATED BY DEFAULT AS IDENTITY (
    SEQUENCE NAME public.django_migrations_id_seq
    START WITH 1
    INCREMENT BY 1
    NO MINVALUE
    NO MAXVALUE
    CACHE 1
);


--
-- Name: django_session; Type: TABLE; Schema: public; Owner: default
--

CREATE TABLE public.django_session (
    session_key character varying(40) NOT NULL,
    session_data text NOT NULL,
    expire_date timestamp with time zone NOT NULL
);


ALTER TABLE public.django_session OWNER TO "default";

--
-- Data for Name: Klinik_Website_about; Type: TABLE DATA; Schema: public; Owner: default
--

COPY public."Klinik_Website_about" (id, image, header, caption, caption_en) FROM stdin;
1	images/asfd_14.40.24_6e0d474b_UUflvcJ.jpg	Prof. Dr. Uğur Recep Çelik	Prof. Dr. Uğur Recep Çelik, estetik ve plastik cerrahi alanında uzman bir doktordur. Yılların deneyimi ve geniş bir bilgi birikimi ile birçok hastanın estetik beklentilerini karşılamak için hizmet ver	Prof. Dr. Uğur Recep Çelik is a distinguished expert in aesthetic and plastic surgery. With years of experience and a wealth of knowledge, he provides services to meet the aesthetic needs of many pati
\.


--
-- Data for Name: Klinik_Website_calismasaati; Type: TABLE DATA; Schema: public; Owner: default
--

COPY public."Klinik_Website_calismasaati" (id, gun, baslangic_saati, bitis_saati, ogle_arasi_baslangic, ogle_arasi_bitis) FROM stdin;
9	Monday	09:00:00	17:00:00	12:00:00	13:00:00
10	Tuesday	09:00:00	17:00:00	12:00:00	13:00:00
11	Wednesday	09:00:00	17:00:00	12:00:00	13:00:00
12	Thursday	09:00:00	17:00:00	12:00:00	13:00:00
13	Friday	09:00:00	17:00:00	12:00:00	13:00:00
14	Saturday	09:00:00	13:00:00	12:00:00	13:00:00
15	Sunday	\N	\N	\N	\N
\.


--
-- Data for Name: Klinik_Website_contact; Type: TABLE DATA; Schema: public; Owner: default
--

COPY public."Klinik_Website_contact" (phone, email, name, konu, message) FROM stdin;
\.


--
-- Data for Name: Klinik_Website_contactinfo; Type: TABLE DATA; Schema: public; Owner: default
--

COPY public."Klinik_Website_contactinfo" (id, phone, email, address) FROM stdin;
1	05555555555	urclinic@mail.com	Atakum/Samsun
\.


--
-- Data for Name: Klinik_Website_doctorinfo; Type: TABLE DATA; Schema: public; Owner: default
--

COPY public."Klinik_Website_doctorinfo" (id, name, description, phone) FROM stdin;
\.


--
-- Data for Name: Klinik_Website_explanation; Type: TABLE DATA; Schema: public; Owner: default
--

COPY public."Klinik_Website_explanation" (id, image, text, header, content, content_en, text_en) FROM stdin;
1	explanation_images/asfd_14.40.24_6e0d474b_S9qMj3b.jpg	Doğallık ve Güzellik	Prof Dr Uğur Recep Çelik	Dr. Necati Şaşmaz, estetik ve güzellik alanında 15 yılı aşkın deneyime sahip, hastalarına doğal ve kişisel güzelliklerini ortaya çıkaran çözümler sunmayı amaçlayan bir estetik cerrahıdır. İstanbul Üniversitesi Tıp Fakültesi'nden mezun olduktan sonra, estetik cerrahi üzerine uzmanlık eğitimi almış ve uluslararası alanda kabul görmüş birçok sertifikaya sahip olmuştur.\r\n\r\nDr. Şaşmaz, estetik cerrahinin yalnızca fiziksel görünümü iyileştirmekle kalmayıp, aynı zamanda bireylerin kendilerine olan güvenini artırma potansiyeline de sahip olduğuna inanmaktadır. Bu nedenle, her hastasıyla birebir görüşerek, onların ihtiyaçlarını ve beklentilerini dikkatlice dinler ve en uygun tedavi planını oluşturur. Kendisinin temel hedefi, her hastasına özel, doğal ve estetik açıdan kusursuz sonuçlar sunmaktır.\r\n\r\nYüz estetiği, vücut şekillendirme, meme cerrahisi ve cilt gençleştirme gibi alanlarda uzmanlaşmış olan Dr. Yılmaz, yenilikçi ve minimal invaziv teknikleri kullanarak hastalarının iyileşme sürecini hızlandırır ve en iyi sonuçları elde etmelerini sağlar. Sürekli olarak sektördeki en son gelişmeleri takip eden Dr. Şaşmaz, estetik cerrahide en güncel teknikleri kullanarak, hastalarına güvenli, etkili ve tatmin edici sonuçlar sunmaktadır.\r\n\r\nDr. Necati Şaşmaz, estetik cerrahiyi sanatsal bir bakış açısıyla ele alır ve her hastasının doğal güzelliğini ortaya çıkarmayı amaçlar. Hastalarının memnuniyeti ve mutluluğu, onun en büyük motivasyon kaynağıdır.	Dr. Uğur Recep Çelik is a plastic surgeon with over 15 years of experience in the field of aesthetics and beauty, aiming to offer his patients solutions that reveal their natural and personal beauty. After graduating from Istanbul University Faculty of Medicine, he received specialist training in aesthetic surgery and has many internationally recognized certificates.\r\n\r\nDr. Çelik believes that aesthetic surgery not only improves physical appearance, but also has the potential to increase individuals' self-confidence. For this reason, he meets with each of his patients one-on-one, listens carefully to their needs and expectations, and creates the most appropriate treatment plan. His main goal is to provide each of his patients with special, natural, and aesthetically flawless results.\r\n\r\nSpecializing in areas such as facial aesthetics, body shaping, breast surgery, and skin rejuvenation, Dr. Çelik accelerates the healing process of his patients using innovative and minimally invasive techniques and ensures that they achieve the best results. Continuously following the latest developments in the sector, Dr. Çelik offers his patients safe, effective, and satisfactory results using the most up-to-date techniques in aesthetic surgery.\r\n\r\nDr. Uğur Recep Çelik approaches plastic surgery from an artistic perspective and aims to reveal the natural beauty of each of his patients. The satisfaction and happiness of his patients is his greatest source of motivation.	Naturalness and Beauty
\.


--
-- Data for Name: Klinik_Website_randevu; Type: TABLE DATA; Schema: public; Owner: default
--

COPY public."Klinik_Website_randevu" (tarih, saat, ad, e_posta, soyad, telefon) FROM stdin;
\.


--
-- Data for Name: Klinik_Website_servicepage; Type: TABLE DATA; Schema: public; Owner: default
--

COPY public."Klinik_Website_servicepage" (id, title, description, image, slug, description_en) FROM stdin;
2	Dolgu Uygulamaları	Dolgu uygulamaları, yüz bölgesindeki hacim kaybını gidermek, kırışıklıkları azaltmak ve daha genç bir görünüm elde etmek için kullanılan estetik tedavi yöntemleridir. Hyaluronik asit, kalsiyum hidroksilapatit gibi doğal olarak vücutta bulunan maddeler, cilt altına enjekte edilerek dolgunun sağlanmasına yardımcı olur. Bu uygulama, dudakları dolgunlaştırmak, yanakları belirginleştirmek, nazolabial çizgileri (burun ile ağız arasındaki çizgiler) yumuşatmak ve yüz hatlarını şekillendirmek gibi çeşitli amaçlarla tercih edilir.\r\n\r\nDolgu işlemi, genellikle 15-30 dakika süren, ağrısız ve hızlı bir prosedürdür. İşlemden hemen sonra sonuçlar görülebilir ve etkileri 6-18 ay arasında devam eder. Bu süre dolduğunda, dolgu maddesi vücut tarafından doğal olarak emilir ve istenirse işlem tekrar edilebilir.\r\n\r\nDolgu uygulamaları, deneyimli bir uzman tarafından yapıldığında doğal ve dengeli sonuçlar verir. İşlem öncesinde, uygulamanın yapılacağı bölge ve kullanılacak dolgu maddesi hakkında doktorunuzla ayrıntılı bir değerlendirme yapılması önerilir. Dolgu uygulamaları, minimal invaziv olmaları ve hızlı sonuç vermeleri nedeniyle günümüzde oldukça popüler bir estetik yöntem haline gelmiştir.	service_images/39-1.jpg	dolgu-uygulamalari	\N
3	Ozon Tedavisi	Ozon tedavisi, alternatif tıpta kullanılan ve birçok sağlık sorununa yönelik iyileştirici etkileri olan bir yöntemdir. Bu tedavi, tıbbi ozon gazının (O3) vücuda uygulanmasıyla gerçekleştirilir. Ozon, güçlü bir oksidan olup, bağışıklık sistemini güçlendirmek, kan dolaşımını iyileştirmek, vücudu detoksifiye etmek ve iltihaplanmayı azaltmak gibi çeşitli faydalar sunar.\r\n\r\nOzon tedavisi, farklı yöntemlerle uygulanabilir. Bunlar arasında major ozon tedavisi (ozonlanmış kanın tekrar vücuda verilmesi), minör ozon tedavisi (küçük miktarda ozonlanmış kanın kas içine enjekte edilmesi), ozon sauna ve rektal ozon insuflasyonu gibi uygulamalar yer alır. Tedavi, özellikle kronik yorgunluk, bağışıklık sistemi zayıflığı, enfeksiyonlar, dolaşım bozuklukları, eklem rahatsızlıkları ve cilt problemlerinde etkili olabilir.\r\n\r\nTedavi süreci genellikle birkaç seans gerektirir ve her seans 20-30 dakika sürer. Ozon tedavisi, vücudun doğal iyileşme süreçlerini desteklemeyi amaçladığından, hastalıkların yanı sıra genel sağlık ve zindeliği artırmak için de tercih edilir.\r\n\r\nOzon tedavisi, genellikle güvenli bir yöntem olarak kabul edilse de, mutlaka bir sağlık profesyoneli tarafından uygulanmalıdır. Tedaviye başlamadan önce, bireyin genel sağlık durumu ve tedavinin uygunluğu konusunda uzman bir doktorla görüşmek önemlidir.	service_images/b-1716.jpg	ozon-tedavisi	\N
9	Biorezonans	Bioresonans, vücudun elektromanyetik frekanslarını kullanarak enerji dengesizliklerini tespit etmek ve düzeltmek amacıyla kullanılan alternatif bir tedavi yöntemidir. Bu terapi, hücrelerin ve organların yaydığı elektromanyetik dalgaların sağlıklı olup olmadığını analiz ederek, vücutta meydana gelen stres, toksinler, alerjiler ve diğer sağlık sorunlarına müdahale etmeyi hedefler. Bioresonans tedavisi, vücudun doğal iyileşme süreçlerini desteklemeyi amaçlayan non-invaziv ve ağrısız bir yöntem olarak bilinir.\r\n\r\n**Bioresonansın Temel Prensipleri:**\r\n\r\nBioresonans terapisi, vücuttaki hücrelerin ve organların sağlıklı bir şekilde çalışırken belirli frekanslar yaydığı fikrine dayanır. Bu frekanslar, stres, hastalık veya çevresel faktörler nedeniyle bozulduğunda, enerji dengesizlikleri ve sağlık sorunları ortaya çıkabilir. Bioresonans cihazları, vücudun elektromanyetik alanını analiz ederek bu dengesizlikleri tespit eder ve ardından doğru frekansları geri göndererek bu bozuklukları düzeltmeye çalışır.\r\n\r\n**Kullanım Alanları:**\r\n\r\n- **Alerji Tedavisi:** Bioresonans, gıda alerjileri, çevresel alerjiler ve kimyasal duyarlılıklar gibi alerjik reaksiyonların hafifletilmesinde kullanılır. Alerjiye neden olan frekansların tespit edilmesi ve düzeltilmesiyle, semptomlar azaltılabilir.\r\n\r\n- **Detoksifikasyon:** Vücuttaki toksinlerin ve ağır metallerin birikmesi durumunda, bioresonans terapisi bu zararlı maddelerin vücuttan atılmasına yardımcı olabilir. Bu, genel sağlığı iyileştirmek ve enerji seviyelerini artırmak için kullanılır.\r\n\r\n- **Bağımlılık Tedavisi:** Sigara, alkol veya diğer bağımlılıklardan kurtulma sürecinde, bioresonans terapisi destekleyici bir yöntem olarak uygulanabilir. Bu süreçte, bağımlılıkla ilişkili frekansların düzenlenmesi amaçlanır.\r\n\r\n- **Stres Yönetimi:** Bioresonans, vücutta strese neden olan frekansların dengelenmesi yoluyla, zihinsel ve fiziksel stresin azaltılmasına yardımcı olabilir.\r\n\r\n**Tedavi Süreci:**\r\nBioresonans tedavisi, genellikle birkaç seans halinde uygulanır ve her seans 30-60 dakika sürer. Tedavi sırasında, hasta rahat bir pozisyonda oturur veya yatar, ve bioresonans cihazına bağlı elektrotlar vücuda yerleştirilir. Bu cihazlar, vücudun elektromanyetik dalgalarını algılar ve gerekli düzeltmeleri yapar. İşlem sırasında herhangi bir ağrı veya rahatsızlık hissedilmez.\r\n\r\nBioresonans, bilimsel kanıtları sınırlı olmasına rağmen, birçok kişi tarafından tamamlayıcı bir tedavi yöntemi olarak tercih edilmektedir. Bu tedaviye başlamadan önce, bir sağlık profesyoneliyle görüşmek ve tedavinin kişisel sağlık durumunuz için uygun olup olmadığını değerlendirmek önemlidir. Bioresonans, özellikle kronik hastalıklar, alerjiler ve stresle başa çıkma konusunda destekleyici bir yöntem olarak kullanılabilir.	service_images/_A8A8047.jpg	biorezonans	\N
5	Burun Estetiği	Burun estetiği, tıbbi literatürde rinoplasti olarak bilinen, burun şeklini, boyutunu veya fonksiyonunu düzeltmek amacıyla yapılan cerrahi bir işlemdir. Bu operasyon, burnun genel görünümünü iyileştirmek, solunum problemlerini gidermek ya da her iki amacı da gerçekleştirmek için tercih edilir. Burun estetiği, hem estetik hem de fonksiyonel sonuçlar sunarak kişinin yüz hatlarıyla daha uyumlu ve doğal bir burun yapısı elde etmesine olanak tanır.\r\n\r\nRinoplasti, burnun kemerinin düzeltilmesi, burun ucunun yeniden şekillendirilmesi, burun deliklerinin küçültülmesi, burnun genişliğinin daraltılması veya burnun genel olarak yeniden şekillendirilmesi gibi farklı amaçlarla yapılabilir. Bu operasyon, genellikle genel anestezi altında gerçekleştirilir ve operasyon süresi yapılan işlemlere bağlı olarak 1-3 saat arasında değişir.\r\n\r\nBurun estetiği, kişinin yüz hatlarına uygun, doğal ve estetik bir burun yapısı elde etmek için dikkatle planlanır. Ameliyat öncesinde, doktorla yapılan detaylı bir değerlendirme ve planlama süreci çok önemlidir. Bu süreçte, hastanın beklentileri, yüz anatomisi, cilt tipi ve burunun mevcut durumu dikkate alınarak, en uygun cerrahi teknik belirlenir.\r\n\r\nAmeliyat sonrası iyileşme süreci genellikle 1-2 hafta sürer. İlk günlerde şişlik ve morluklar normaldir, ancak bunlar zamanla azalır. Sonuçların tam olarak görülmesi ise birkaç ayı bulabilir. Rinoplasti, uzman bir cerrah tarafından yapıldığında hem estetik hem de fonksiyonel açıdan tatmin edici sonuçlar elde edilebilir. Ancak, her cerrahi işlemde olduğu gibi rinoplastide de riskler ve komplikasyonlar olabileceğinden, ameliyat öncesinde bu riskler hakkında detaylı bilgi alınması önemlidir.	service_images/rinoplasti-nazoplasti-burun-estetigijpg-800x600.jpg	burun-estetigi	\N
6	Saç Ekimi	Saç ekimi, saç dökülmesi veya kellik yaşayan kişiler için kalıcı ve etkili bir çözüm sunan cerrahi bir işlemdir. Bu işlem, genellikle kişinin saç kaybı yaşamayan bölgelerinden (genellikle ense bölgesi) alınan sağlıklı saç köklerinin, saçsız veya seyrelmiş bölgelere nakledilmesiyle gerçekleştirilir. Saç ekimi, doğal görünümlü ve kalıcı sonuçlar sağlaması nedeniyle günümüzde yaygın olarak tercih edilen bir estetik tedavi yöntemidir.\r\n\r\nSaç ekimi, iki ana teknikle yapılır: **FUE (Foliküler Ünite Ekstraksiyonu)** ve **FUT (Foliküler Ünite Transplantasyonu)**. FUE yönteminde, saç kökleri tek tek alınarak ekim yapılacak bölgeye yerleştirilir. Bu yöntem, minimal invazivdir ve iyileşme süresi daha kısadır. FUT yönteminde ise, donör bölgeden ince bir doku şeridi çıkarılır ve bu şerit üzerindeki saç kökleri, ekim için hazırlanarak saçsız bölgeye nakledilir. Hangi yöntemin tercih edileceği, hastanın saç dökülme tipi, donör bölgenin durumu ve kişisel tercihlere bağlı olarak belirlenir.\r\n\r\nSaç ekimi işlemi, genellikle lokal anestezi altında yapılır ve işlem süresi ekilecek saç köklerinin sayısına bağlı olarak 4-8 saat arasında değişebilir. İşlemden sonra birkaç gün hafif şişlik ve rahatsızlık hissedilebilir, ancak bu durum kısa sürede düzelir. Ekim yapılan bölgede saçların büyümesi genellikle 3-4 ay sonra başlar ve tam sonuçların görülmesi 12-18 ayı bulabilir.\r\n\r\nSaç ekimi, doğru bir şekilde planlandığında ve uzman bir cerrah tarafından uygulandığında son derece doğal sonuçlar verir. Ancak, başarılı bir saç ekimi için, işlem öncesinde ve sonrasında doktorun önerilerine dikkat etmek, uygun bakım ve tedavi yöntemlerini uygulamak büyük önem taşır. Saç ekimi, genellikle kalıcı bir çözüm sunduğu için saç dökülmesi yaşayan birçok kişi için özgüveni artıran ve yaşam kalitesini yükselten bir tedavi seçeneğidir.	service_images/sac-ekimi-nedir-ve-nasil-yapilir-10461_b.jpg	sac-ekimi	\N
7	PRP	PRP (Platelet Rich Plasma), yani trombositten zengin plazma tedavisi, vücudun kendi iyileşme mekanizmalarını harekete geçirerek cilt yenileme, saç dökülmesini önleme, yara iyileşmesini hızlandırma ve spor yaralanmalarını tedavi etme amacıyla kullanılan bir yöntemdir. PRP tedavisinde, hastanın kendi kanı alınarak özel bir işlemden geçirilir ve trombositlerin yoğunlaştırıldığı plazma, tedavi edilmesi istenen bölgeye enjekte edilir. Trombositler, büyüme faktörleri açısından zengindir ve bu faktörler, doku onarımı, kollajen üretimi ve hücre yenilenmesi gibi süreçleri teşvik eder.\r\n\r\n**PRP’nin Kullanım Alanları:**\r\n\r\n- **Cilt Yenileme:** PRP, yüz, boyun ve ellerdeki ince çizgilerin ve kırışıklıkların azaltılması, cilt tonunun eşitlenmesi ve cilt dokusunun iyileştirilmesi için yaygın olarak kullanılır. Cilt altına enjekte edilen PRP, kolajen üretimini artırarak cildin daha genç ve sağlıklı görünmesine katkı sağlar.\r\n\r\n- **Saç Tedavisi:** Saç dökülmesi yaşayan kişilerde PRP, saç köklerini güçlendirir ve yeni saçların çıkmasını teşvik eder. Tedavi, saçlı deriye yapılan enjeksiyonlarla gerçekleştirilir ve genellikle birkaç seans halinde uygulanır.\r\n\r\n- **Ortopedi ve Spor Yaralanmaları:** PRP, kas, tendon ve bağ yaralanmalarının tedavisinde de kullanılır. Yaralı bölgeye enjekte edilen PRP, iyileşme sürecini hızlandırarak ağrıyı azaltır ve hareket kabiliyetini artırır.\r\n\r\n- **Yara İyileşmesi:** PRP, cerrahi sonrası yara iyileşmesini hızlandırmak ve kronik yaraların tedavisinde de etkili olabilir.\r\n\r\n**Tedavi Süreci:**\r\nPRP tedavisi, hastadan küçük bir miktar kan alınmasıyla başlar. Alınan kan, santrifüj adı verilen bir işlemle ayrıştırılır ve trombositlerden zengin plazma elde edilir. Bu plazma, tedavi edilecek bölgeye ince iğnelerle enjekte edilir. İşlem genellikle 30-60 dakika sürer ve minimal invaziv olduğu için iyileşme süresi kısadır. Çoğu hasta, tedaviden hemen sonra günlük aktivitelerine dönebilir.\r\n\r\nPRP tedavisi, doğal ve güvenli bir yöntem olarak kabul edilir çünkü kullanılan plazma hastanın kendi kanından elde edilir, bu da alerjik reaksiyon riskini en aza indirir. Tedavi, ciltte ve saçlı deride gençleştirici etkiler sunarken, ortopedi ve spor yaralanmalarında iyileşmeyi hızlandırır. Ancak, PRP tedavisi öncesinde bir uzmana danışarak tedavinin uygunluğu ve olası sonuçları hakkında bilgi almak önemlidir.	service_images/prp-tedavisi.jpg	prp	\N
8	Gençlik Aşısı	Gençlik aşısı, ciltteki yaşlanma belirtilerini azaltmak ve cilde daha genç, taze bir görünüm kazandırmak amacıyla uygulanan bir estetik tedavi yöntemidir. Bu tedavi, cilt altına enjekte edilen hyaluronik asit, vitaminler, amino asitler, mineraller ve antioksidanlar gibi cilt için faydalı maddeler içerir. Gençlik aşısı, cildin nem dengesini sağlamak, elastikiyetini artırmak, ince çizgileri ve kırışıklıkları azaltmak için etkili bir çözüm sunar.\r\n\r\n**Gençlik Aşısının Faydaları:**\r\n\r\n- **Nemlendirme:** Hyaluronik asit, cildin doğal nem seviyesini korumasına yardımcı olarak, cildin daha dolgun ve canlı görünmesini sağlar. Bu, özellikle kuru ve mat ciltler için büyük bir avantajdır.\r\n  \r\n- **Cilt Yenilenmesi:** İçerdiği vitaminler, amino asitler ve antioksidanlar, cilt hücrelerini besleyerek ve yenileyerek cildin kendini onarma kapasitesini artırır. Böylece, cilt daha parlak ve pürüzsüz bir görünüme kavuşur.\r\n\r\n- **Elastikiyet Artışı:** Gençlik aşısı, ciltteki kolajen ve elastin üretimini teşvik eder, bu da cildin sıkılığını ve esnekliğini artırır. Sonuç olarak, cilt daha gergin ve genç bir görünüm kazanır.\r\n\r\n- **Kırışıklıkların Azaltılması:** İnce çizgiler ve kırışıklıkların belirginliğini azaltarak, ciltte daha pürüzsüz bir görünüm elde edilmesine yardımcı olur.\r\n\r\n**Tedavi Süreci:**\r\nGençlik aşısı, genellikle lokal anestezi kremi uygulanarak yapılır ve işlem 20-30 dakika sürer. İnce iğnelerle cilt altına enjekte edilen bu karışım, hızlı bir şekilde cilt tarafından emilir ve etkilerini göstermeye başlar. Genellikle birkaç seans halinde uygulanan gençlik aşısı, cildin ihtiyacına göre belirli aralıklarla tekrarlanabilir.\r\n\r\nTedavi sonrası, hafif bir kızarıklık veya şişlik olabilir, ancak bu etkiler kısa sürede geçer ve çoğu kişi hemen günlük aktivitelerine dönebilir. Gençlik aşısının etkileri, genellikle ilk seanstan sonra görülmeye başlanır ve tedavi tamamlandığında daha belirgin hale gelir.\r\n\r\nGençlik aşısı, cilt yaşlanmasının erken belirtilerini hafifletmek isteyenler için ideal bir tedavi seçeneğidir. Aynı zamanda, cildine daha genç ve sağlıklı bir görünüm kazandırmak isteyen herkes için de uygundur. Ancak, tedavi öncesinde bir uzmanla görüşerek, cildinizin ihtiyaçlarına uygun olup olmadığını değerlendirmek önemlidir.	service_images/genclik-asisi.jpg	genclik-asisi	\N
1	Botoks Uygulamaları	Botoks, özellikle yüz bölgesindeki ince çizgilerin ve kırışıklıkların azaltılmasında kullanılan popüler bir estetik tedavi yöntemidir. Botulinum toksini adı verilen bir maddenin enjeksiyonu ile gerçekleştirilen bu işlem, kasların geçici olarak gevşemesini sağlar. Sonuç olarak, cilt daha pürüzsüz ve genç bir görünüme kavuşur. Genellikle alın, göz çevresi (kaz ayakları) ve kaş arası gibi bölgelerde uygulanır.\r\n\r\nBotoks tedavisi hızlı, genellikle 10-15 dakika süren ve minimal invaziv bir işlemdir. İşlem sonrası hemen günlük yaşantınıza dönebilirsiniz. Etkileri 3-6 ay arasında sürer ve bu sürenin sonunda tedavi tekrar edilebilir. Bununla birlikte, botoksun uzman bir hekim tarafından uygulanması önemlidir, çünkü doğru yapılmadığında istenmeyen yan etkiler ortaya çıkabilir.\r\n\r\nBotoks sadece estetik amaçlarla değil, migren, aşırı terleme, diş sıkma ve bazı kas hastalıklarının tedavisinde de kullanılmaktadır. Tedaviye başlamadan önce doktorunuzla detaylı bir görüşme yapmanız ve beklentilerinizi netleştirmeniz önemlidir.	service_images/botoks-1.jpg	botoksuygulamalari	\N
\.


--
-- Data for Name: Klinik_Website_services; Type: TABLE DATA; Schema: public; Owner: default
--

COPY public."Klinik_Website_services" (id, image, name, url, content, content_en, name_en) FROM stdin;
3	images/b-1716.jpg	Ozon Tedavisi	/ozon-tedavisi	Ozon Tedavisiyle İyileşin	Heal with Ozone Therapy	Ozone Therapy
2	images/Kalici-Dudak-Dolgusu-1170x700-1.jpg	Dolgu Uygulamaları	dolgu_uygulamalari	Kalıcı Dolgu İşlemleri	Permanent Filling Procedures	Filling Applications
1	images/botoks-1.jpg	Botoks Uygulamaları	/botoksuygulamalari	Botoks işlemlerinizi özenle gerçekleşiriyoruz	We perform your Botox procedures with care.	Botox Applications
\.


--
-- Data for Name: Klinik_Website_sliderimage; Type: TABLE DATA; Schema: public; Owner: default
--

COPY public."Klinik_Website_sliderimage" (id, image, caption, header, caption_en) FROM stdin;
1	images/36-768x768_lus5fjj.jpg	Güzelliğin adresindesiniz	UR Clinic	You are at the address of beauty
\.


--
-- Data for Name: Klinik_Website_sosyalmedya; Type: TABLE DATA; Schema: public; Owner: default
--

COPY public."Klinik_Website_sosyalmedya" (id, instagram, facebook, youtube) FROM stdin;
1	#	#	#
\.


--
-- Data for Name: auth_group; Type: TABLE DATA; Schema: public; Owner: default
--

COPY public.auth_group (id, name) FROM stdin;
\.


--
-- Data for Name: auth_group_permissions; Type: TABLE DATA; Schema: public; Owner: default
--

COPY public.auth_group_permissions (id, group_id, permission_id) FROM stdin;
\.


--
-- Data for Name: auth_permission; Type: TABLE DATA; Schema: public; Owner: default
--

COPY public.auth_permission (id, name, content_type_id, codename) FROM stdin;
1	Can add log entry	1	add_logentry
2	Can change log entry	1	change_logentry
3	Can delete log entry	1	delete_logentry
4	Can view log entry	1	view_logentry
5	Can add permission	2	add_permission
6	Can change permission	2	change_permission
7	Can delete permission	2	delete_permission
8	Can view permission	2	view_permission
9	Can add group	3	add_group
10	Can change group	3	change_group
11	Can delete group	3	delete_group
12	Can view group	3	view_group
13	Can add user	4	add_user
14	Can change user	4	change_user
15	Can delete user	4	delete_user
16	Can view user	4	view_user
17	Can add content type	5	add_contenttype
18	Can change content type	5	change_contenttype
19	Can delete content type	5	delete_contenttype
20	Can view content type	5	view_contenttype
21	Can add session	6	add_session
22	Can change session	6	change_session
23	Can delete session	6	delete_session
24	Can view session	6	view_session
25	Can add contact info	7	add_contactinfo
26	Can change contact info	7	change_contactinfo
27	Can delete contact info	7	delete_contactinfo
28	Can view contact info	7	view_contactinfo
29	Can add doctor info	8	add_doctorinfo
30	Can change doctor info	8	change_doctorinfo
31	Can delete doctor info	8	delete_doctorinfo
32	Can view doctor info	8	view_doctorinfo
33	Can add explanation	9	add_explanation
34	Can change explanation	9	change_explanation
35	Can delete explanation	9	delete_explanation
36	Can view explanation	9	view_explanation
37	Can add slider image	10	add_sliderimage
38	Can change slider image	10	change_sliderimage
39	Can delete slider image	10	delete_sliderimage
40	Can view slider image	10	view_sliderimage
41	Can add working hours	11	add_workinghours
42	Can change working hours	11	change_workinghours
43	Can delete working hours	11	delete_workinghours
44	Can view working hours	11	view_workinghours
45	Can add menu	12	add_menu
46	Can change menu	12	change_menu
47	Can delete menu	12	delete_menu
48	Can view menu	12	view_menu
49	Can add about	13	add_about
50	Can change about	13	change_about
51	Can delete about	13	delete_about
52	Can view about	13	view_about
53	Can add services	14	add_services
54	Can change services	14	change_services
55	Can delete services	14	delete_services
56	Can view services	14	view_services
57	Can add service page	15	add_servicepage
58	Can change service page	15	change_servicepage
59	Can delete service page	15	delete_servicepage
60	Can view service page	15	view_servicepage
61	Can add calisma saati	16	add_calismasaati
62	Can change calisma saati	16	change_calismasaati
63	Can delete calisma saati	16	delete_calismasaati
64	Can view calisma saati	16	view_calismasaati
65	Can add hasta	17	add_hasta
66	Can change hasta	17	change_hasta
67	Can delete hasta	17	delete_hasta
68	Can view hasta	17	view_hasta
69	Can add randevu	18	add_randevu
70	Can change randevu	18	change_randevu
71	Can delete randevu	18	delete_randevu
72	Can view randevu	18	view_randevu
73	Can add sosyal medya	19	add_sosyalmedya
74	Can change sosyal medya	19	change_sosyalmedya
75	Can delete sosyal medya	19	delete_sosyalmedya
76	Can view sosyal medya	19	view_sosyalmedya
77	Can add contact	20	add_contact
78	Can change contact	20	change_contact
79	Can delete contact	20	delete_contact
80	Can view contact	20	view_contact
\.


--
-- Data for Name: auth_user; Type: TABLE DATA; Schema: public; Owner: default
--

COPY public.auth_user (id, password, last_login, is_superuser, username, first_name, last_name, email, is_staff, is_active, date_joined) FROM stdin;
1	7410	2024-08-25 16:39:39.234806+00	t	qwerty				t	t	2024-08-25 16:39:13.502063+00
2	pbkdf2_sha256$870000$0gQdFU5PYA9KALBi3M4SYb$Hc7Blk5ProEHrP+1CRGCSbAXSJ7zCsUsbJIvXSI+1dw=	2024-08-28 15:54:35.272023+00	t	zxcvbn				t	t	2024-08-25 22:57:06.91039+00
\.


--
-- Data for Name: auth_user_groups; Type: TABLE DATA; Schema: public; Owner: default
--

COPY public.auth_user_groups (id, user_id, group_id) FROM stdin;
\.


--
-- Data for Name: auth_user_user_permissions; Type: TABLE DATA; Schema: public; Owner: default
--

COPY public.auth_user_user_permissions (id, user_id, permission_id) FROM stdin;
\.


--
-- Data for Name: django_admin_log; Type: TABLE DATA; Schema: public; Owner: default
--

COPY public.django_admin_log (id, action_time, object_id, object_repr, action_flag, change_message, content_type_id, user_id) FROM stdin;
1	2024-08-25 16:41:27.26101+00	1	UR Clinic (Güzelliğin adresindesiniz)	1	[{"added": {}}]	10	1
2	2024-08-25 16:44:19.409301+00	1	About object (1)	1	[{"added": {}}]	13	1
3	2024-08-25 16:45:25.324298+00	1	05555555555	1	[{"added": {}}]	7	1
4	2024-08-25 16:47:00.937162+00	1	Adanalı	1	[{"added": {}}]	8	1
5	2024-08-25 16:47:58.158302+00	1	Emin ellerdesiniz	1	[{"added": {}}]	9	1
6	2024-08-25 16:48:56.217741+00	1	Tırnak Bakımı	1	[{"added": {}}]	15	1
7	2024-08-25 16:49:28.97101+00	2	şırnak takımı	1	[{"added": {}}]	15	1
8	2024-08-25 16:51:10.439446+00	1	Tırnak (/tirnak-bakimi)	1	[{"added": {}}]	14	1
9	2024-08-25 16:52:12.444691+00	1	Hafta İçi: 8 - 17, Hafta Sonu: 8 - 15	1	[{"added": {}}]	11	1
10	2024-08-25 16:52:16.450065+00	2	Hafta İçi: 8 - 17, Hafta Sonu: 8 - 15	1	[{"added": {}}]	11	1
11	2024-08-25 22:44:15.827529+00	1	Pazartesi: 05:00:00 - 15:00:00	1	[{"added": {}}]	16	1
12	2024-08-25 22:58:01.460828+00	1	Pazartesi: 05:00:00 - 15:00:00	3		16	2
13	2024-08-26 12:55:29.692634+00	9	Monday: 09:00:00 - 17:00:00	2	[{"changed": {"fields": ["Gun"]}}]	16	2
14	2024-08-26 12:55:50.845695+00	10	Tuesday: 09:00:00 - 17:00:00	2	[{"changed": {"fields": ["Gun"]}}]	16	2
15	2024-08-26 12:56:08.1224+00	11	Wednesday: 09:00:00 - 17:00:00	2	[{"changed": {"fields": ["Gun"]}}]	16	2
16	2024-08-26 12:56:24.087761+00	12	Thursday: 09:00:00 - 17:00:00	2	[{"changed": {"fields": ["Gun"]}}]	16	2
17	2024-08-26 12:56:36.948873+00	13	Friday: 09:00:00 - 17:00:00	2	[{"changed": {"fields": ["Gun"]}}]	16	2
18	2024-08-26 12:56:50.935456+00	14	Saturday: 09:00:00 - 13:00:00	2	[{"changed": {"fields": ["Gun"]}}]	16	2
19	2024-08-26 12:57:09.277563+00	15	Sunday: None - None	2	[{"changed": {"fields": ["Gun"]}}]	16	2
20	2024-08-26 18:05:25.687186+00	1	#	1	[{"added": {}}]	19	2
21	2024-08-26 18:06:48.148748+00	1	https://fonts.google.com/	2	[{"changed": {"fields": ["Instagram", "Facebook", "Youtube"]}}]	19	2
22	2024-08-26 18:11:22.387757+00	1	#	2	[{"changed": {"fields": ["Instagram", "Facebook", "Youtube"]}}]	19	2
23	2024-08-27 07:51:24.053283+00	1	Botoks Uygulamaları	2	[{"changed": {"fields": ["Title", "Description", "Slug"]}}]	15	2
24	2024-08-27 07:52:33.571105+00	2	Dolgu Uygulamaları	2	[{"changed": {"fields": ["Title", "Description", "Slug"]}}]	15	2
25	2024-08-27 07:54:10.702824+00	3	Ozon Tedavisi	1	[{"added": {}}]	15	2
26	2024-08-27 07:55:47.910234+00	4	Mezoterapi	1	[{"added": {}}]	15	2
27	2024-08-27 07:56:43.017951+00	5	Burun Estetiği	1	[{"added": {}}]	15	2
28	2024-08-27 07:57:59.797315+00	6	Saç Ekimi	1	[{"added": {}}]	15	2
29	2024-08-27 07:59:34.413895+00	7	PRP	1	[{"added": {}}]	15	2
30	2024-08-27 08:00:33.321713+00	8	Gençlik Aşısı	1	[{"added": {}}]	15	2
31	2024-08-27 08:01:40.403336+00	9	Biorezonans	1	[{"added": {}}]	15	2
32	2024-08-27 08:36:57.849541+00	1	Botoks Uygulamaları (/botoksuygulamalari)	2	[{"changed": {"fields": ["Name", "Url", "Content"]}}]	14	2
33	2024-08-27 08:37:42.310846+00	1	Botoks Uygulamaları (/botoksuygulamalari)	2	[{"changed": {"fields": ["Image"]}}]	14	2
34	2024-08-27 08:39:44.323803+00	2	Dolgu Uygulamaları (dolgu_uygulamalari)	1	[{"added": {}}]	14	2
35	2024-08-27 08:44:26.455407+00	3	Ozon Tedavisi (/ozon-tedavisi)	1	[{"added": {}}]	14	2
36	2024-08-27 08:45:17.380801+00	4	Mezoterapi (/mezoterapi)	1	[{"added": {}}]	14	2
37	2024-08-27 11:17:10.03514+00	1	Emin ellerdesiniz	2	[{"changed": {"fields": ["Header", "Content"]}}]	9	2
38	2024-08-27 11:23:30.050585+00	1	Botoks Uygulamaları	2	[{"changed": {"fields": ["Image"]}}]	15	2
39	2024-08-27 19:21:02.474008+00	1	agfsve	3		20	2
40	2024-08-28 15:55:47.420021+00	4	Mezoterapi	3		15	2
41	2024-08-28 15:57:21.786034+00	1	About object (1)	2	[{"changed": {"fields": ["Header", "Caption", "Caption en"]}}]	13	2
42	2024-08-28 16:00:26.224708+00	1	Adanalı	3		8	2
43	2024-08-28 16:02:44.220253+00	1	Doğallık ve Güzellik	2	[{"changed": {"fields": ["Header", "Text", "Text en", "Content en"]}}]	9	2
44	2024-08-28 16:03:11.389321+00	34254135543	2024-08-21 00:00:00+00:00 - 09:00:00	3		18	2
45	2024-08-28 16:03:11.389321+00	05353535353	2025-05-21 00:00:00+00:00 - 16:00:00	3		18	2
46	2024-08-28 16:03:42.641352+00	4	Mezoterapi (/mezoterapi)	3		14	2
47	2024-08-28 16:05:31.501147+00	3	Ozon Tedavisi (/ozon-tedavisi)	2	[{"changed": {"fields": ["Name en", "Content", "Content en"]}}]	14	2
48	2024-08-28 16:05:57.954272+00	2	Dolgu Uygulamaları (dolgu_uygulamalari)	2	[{"changed": {"fields": ["Name en", "Content en"]}}]	14	2
49	2024-08-28 16:06:42.366304+00	1	Botoks Uygulamaları (/botoksuygulamalari)	2	[{"changed": {"fields": ["Name en", "Content en"]}}]	14	2
50	2024-08-28 16:07:05.558527+00	1	UR Clinic (Güzelliğin adresindesiniz)	2	[{"changed": {"fields": ["Caption en"]}}]	10	2
\.


--
-- Data for Name: django_content_type; Type: TABLE DATA; Schema: public; Owner: default
--

COPY public.django_content_type (id, app_label, model) FROM stdin;
1	admin	logentry
2	auth	permission
3	auth	group
4	auth	user
5	contenttypes	contenttype
6	sessions	session
7	Klinik_Website	contactinfo
8	Klinik_Website	doctorinfo
9	Klinik_Website	explanation
10	Klinik_Website	sliderimage
11	Klinik_Website	workinghours
12	Klinik_Website	menu
13	Klinik_Website	about
14	Klinik_Website	services
15	Klinik_Website	servicepage
16	Klinik_Website	calismasaati
17	Klinik_Website	hasta
18	Klinik_Website	randevu
19	Klinik_Website	sosyalmedya
20	Klinik_Website	contact
\.


--
-- Data for Name: django_migrations; Type: TABLE DATA; Schema: public; Owner: default
--

COPY public.django_migrations (id, app, name, applied) FROM stdin;
1	Klinik_Website	0001_initial	2024-08-25 16:30:39.970074+00
2	Klinik_Website	0002_menu_doctorinfo_phone_explanation_hangiresim_and_more	2024-08-25 16:30:43.558061+00
3	Klinik_Website	0003_menu_url	2024-08-25 16:30:44.362629+00
4	Klinik_Website	0004_sliderimage_header_alter_sliderimage_caption	2024-08-25 16:30:45.493313+00
5	Klinik_Website	0005_remove_explanation_hangiresim_explanation_header_and_more	2024-08-25 16:30:46.946193+00
6	Klinik_Website	0006_about_alter_sliderimage_image	2024-08-25 16:30:47.753183+00
7	Klinik_Website	0007_submenu	2024-08-25 16:30:48.557432+00
8	Klinik_Website	0008_delete_submenu_menu_submenucontent_menu_submenuname_and_more	2024-08-25 16:30:50.08336+00
9	Klinik_Website	0009_services_alter_menu_submenuurl_alter_menu_url	2024-08-25 16:30:50.957387+00
10	Klinik_Website	0010_servicepage	2024-08-25 16:30:52.083075+00
11	contenttypes	0001_initial	2024-08-25 16:30:52.886356+00
12	auth	0001_initial	2024-08-25 16:30:57.885653+00
13	admin	0001_initial	2024-08-25 16:30:59.343101+00
14	admin	0002_logentry_remove_auto_add	2024-08-25 16:30:59.845806+00
15	admin	0003_logentry_add_action_flag_choices	2024-08-25 16:31:00.489596+00
16	contenttypes	0002_remove_content_type_name	2024-08-25 16:31:01.456878+00
17	auth	0002_alter_permission_name_max_length	2024-08-25 16:31:02.262734+00
18	auth	0003_alter_user_email_max_length	2024-08-25 16:31:03.134135+00
19	auth	0004_alter_user_username_opts	2024-08-25 16:31:03.774677+00
20	auth	0005_alter_user_last_login_null	2024-08-25 16:31:04.581117+00
21	auth	0006_require_contenttypes_0002	2024-08-25 16:31:05.321028+00
22	auth	0007_alter_validators_add_error_messages	2024-08-25 16:31:05.969841+00
23	auth	0008_alter_user_username_max_length	2024-08-25 16:31:06.781738+00
24	auth	0009_alter_user_last_name_max_length	2024-08-25 16:31:07.586755+00
25	auth	0010_alter_group_name_max_length	2024-08-25 16:31:08.419666+00
26	auth	0011_update_proxy_permissions	2024-08-25 16:31:09.063743+00
27	auth	0012_alter_user_first_name_max_length	2024-08-25 16:31:09.867925+00
28	sessions	0001_initial	2024-08-25 16:31:11.22657+00
29	Klinik_Website	0011_calismasaati_hasta_randevu_delete_workinghours	2024-08-25 22:33:56.15041+00
30	Klinik_Website	0012_alter_calismasaati_baslangic_saati_and_more	2024-08-25 22:54:05.403134+00
31	Klinik_Website	0013_remove_randevu_hasta_remove_randevu_id_randevu_ad_and_more	2024-08-26 13:16:15.303572+00
32	Klinik_Website	0014_alter_randevu_tarih	2024-08-26 13:17:46.272545+00
33	Klinik_Website	0015_remove_randevu_doktor	2024-08-26 13:33:39.293791+00
34	Klinik_Website	0016_sosyalmedya	2024-08-26 18:03:29.889747+00
35	Klinik_Website	0017_alter_sosyalmedya_facebook_and_more	2024-08-26 18:10:10.835633+00
36	Klinik_Website	0018_alter_services_name	2024-08-27 08:35:52.594104+00
37	Klinik_Website	0019_explanation_content	2024-08-27 11:14:02.774582+00
38	Klinik_Website	0020_contact	2024-08-27 18:53:51.279826+00
39	Klinik_Website	0021_alter_contact_phone	2024-08-27 19:15:39.363427+00
40	Klinik_Website	0022_delete_menu_about_caption_en_explanation_content_en_and_more	2024-08-28 15:36:02.247467+00
\.


--
-- Data for Name: django_session; Type: TABLE DATA; Schema: public; Owner: default
--

COPY public.django_session (session_key, session_data, expire_date) FROM stdin;
swh4ioz5taq05mc4ns0leug5kzzj2rc8	.eJxVjE0OwiAYBe_C2hCkBcSle89Avj-kaiAp7cp4d23ShW7fzLyXSrAuJa1d5jSxOiurDr8bAj2kboDvUG9NU6vLPKHeFL3Trq-N5XnZ3b-DAr186-hhzCbQCBCDwGC891niEE4kBJHjwI6ROSIZm9GhA3I2e7QhHNF49f4ABDk4yw:1siMAo:aNRs0UEi71K7LppWmCyDzh7mp2kFRduusSbc9Mur8Ko	2024-09-08 22:57:26.838602+00
0fedjipyi6c3p459bpdsdud7tntan7q7	.eJxVjE0OwiAYBe_C2hCkBcSle89Avj-kaiAp7cp4d23ShW7fzLyXSrAuJa1d5jSxOiurDr8bAj2kboDvUG9NU6vLPKHeFL3Trq-N5XnZ3b-DAr186-hhzCbQCBCDwGC891niEE4kBJHjwI6ROSIZm9GhA3I2e7QhHNF49f4ABDk4yw:1siZFI:OgIlO9n21eVdcOw6XNFwLz3dusRsDUV7hoVw4v1EV98	2024-09-09 12:54:56.836595+00
3q0f0ql4h7sjxi5vxbkirm6iep7ngfhm	.eJxVjE0OwiAYBe_C2hCkBcSle89Avj-kaiAp7cp4d23ShW7fzLyXSrAuJa1d5jSxOiurDr8bAj2kboDvUG9NU6vLPKHeFL3Trq-N5XnZ3b-DAr186-hhzCbQCBCDwGC891niEE4kBJHjwI6ROSIZm9GhA3I2e7QhHNF49f4ABDk4yw:1siakQ:T7f6w_6QwV1dmzg160g1Pp5dZBxIr4d-XeO7h6Th4q4	2024-09-09 14:31:10.77996+00
7tvlbfacotli41q6io1hmnzr0e8jpeol	.eJxVjE0OwiAYBe_C2hCkBcSle89Avj-kaiAp7cp4d23ShW7fzLyXSrAuJa1d5jSxOiurDr8bAj2kboDvUG9NU6vLPKHeFL3Trq-N5XnZ3b-DAr186-hhzCbQCBCDwGC891niEE4kBJHjwI6ROSIZm9GhA3I2e7QhHNF49f4ABDk4yw:1sjL0F:bNhZSsiWqObT9a7woGA95aMzR9pCgw7aDjoGBz1Movg	2024-09-11 15:54:35.43967+00
\.


--
-- Name: Klinik_Website_about_id_seq; Type: SEQUENCE SET; Schema: public; Owner: default
--

SELECT pg_catalog.setval('public."Klinik_Website_about_id_seq"', 1, true);


--
-- Name: Klinik_Website_calismasaati_id_seq; Type: SEQUENCE SET; Schema: public; Owner: default
--

SELECT pg_catalog.setval('public."Klinik_Website_calismasaati_id_seq"', 15, true);


--
-- Name: Klinik_Website_explanation_id_seq; Type: SEQUENCE SET; Schema: public; Owner: default
--

SELECT pg_catalog.setval('public."Klinik_Website_explanation_id_seq"', 1, true);


--
-- Name: Klinik_Website_servicepage_id_seq; Type: SEQUENCE SET; Schema: public; Owner: default
--

SELECT pg_catalog.setval('public."Klinik_Website_servicepage_id_seq"', 9, true);


--
-- Name: Klinik_Website_services_id_seq; Type: SEQUENCE SET; Schema: public; Owner: default
--

SELECT pg_catalog.setval('public."Klinik_Website_services_id_seq"', 4, true);


--
-- Name: Klinik_Website_sliderimage_id_seq; Type: SEQUENCE SET; Schema: public; Owner: default
--

SELECT pg_catalog.setval('public."Klinik_Website_sliderimage_id_seq"', 1, true);


--
-- Name: Klinik_Website_sosyalmedya_id_seq; Type: SEQUENCE SET; Schema: public; Owner: default
--

SELECT pg_catalog.setval('public."Klinik_Website_sosyalmedya_id_seq"', 1, true);


--
-- Name: auth_group_id_seq; Type: SEQUENCE SET; Schema: public; Owner: default
--

SELECT pg_catalog.setval('public.auth_group_id_seq', 1, false);


--
-- Name: auth_group_permissions_id_seq; Type: SEQUENCE SET; Schema: public; Owner: default
--

SELECT pg_catalog.setval('public.auth_group_permissions_id_seq', 1, false);


--
-- Name: auth_permission_id_seq; Type: SEQUENCE SET; Schema: public; Owner: default
--

SELECT pg_catalog.setval('public.auth_permission_id_seq', 80, true);


--
-- Name: auth_user_groups_id_seq; Type: SEQUENCE SET; Schema: public; Owner: default
--

SELECT pg_catalog.setval('public.auth_user_groups_id_seq', 1, false);



--
-- Name: auth_user_id_seq; Type: SEQUENCE SET; Schema: public; Owner: default
--

SELECT pg_catalog.setval('public.auth_user_id_seq', 2, true);


--
-- Name: auth_user_user_permissions_id_seq; Type: SEQUENCE SET; Schema: public; Owner: default
--

SELECT pg_catalog.setval('public.auth_user_user_permissions_id_seq', 1, false);


--
-- Name: django_admin_log_id_seq; Type: SEQUENCE SET; Schema: public; Owner: default
--

SELECT pg_catalog.setval('public.django_admin_log_id_seq', 50, true);


--
-- Name: django_content_type_id_seq; Type: SEQUENCE SET; Schema: public; Owner: default
--

SELECT pg_catalog.setval('public.django_content_type_id_seq', 20, true);


--
-- Name: django_migrations_id_seq; Type: SEQUENCE SET; Schema: public; Owner: default
--

SELECT pg_catalog.setval('public.django_migrations_id_seq', 40, true);


--
-- Name: Klinik_Website_about Klinik_Website_about_pkey; Type: CONSTRAINT; Schema: public; Owner: default
--

ALTER TABLE ONLY public."Klinik_Website_about"
    ADD CONSTRAINT "Klinik_Website_about_pkey" PRIMARY KEY (id);


--
-- Name: Klinik_Website_calismasaati Klinik_Website_calismasaati_pkey; Type: CONSTRAINT; Schema: public; Owner: default
--

ALTER TABLE ONLY public."Klinik_Website_calismasaati"
    ADD CONSTRAINT "Klinik_Website_calismasaati_pkey" PRIMARY KEY (id);


--
-- Name: Klinik_Website_contact Klinik_Website_contact_pkey; Type: CONSTRAINT; Schema: public; Owner: default
--

ALTER TABLE ONLY public."Klinik_Website_contact"
    ADD CONSTRAINT "Klinik_Website_contact_pkey" PRIMARY KEY (phone);


--
-- Name: Klinik_Website_contactinfo Klinik_Website_contactinfo_pkey; Type: CONSTRAINT; Schema: public; Owner: default
--

ALTER TABLE ONLY public."Klinik_Website_contactinfo"
    ADD CONSTRAINT "Klinik_Website_contactinfo_pkey" PRIMARY KEY (id);


--
-- Name: Klinik_Website_doctorinfo Klinik_Website_doctorinfo_pkey; Type: CONSTRAINT; Schema: public; Owner: default
--

ALTER TABLE ONLY public."Klinik_Website_doctorinfo"
    ADD CONSTRAINT "Klinik_Website_doctorinfo_pkey" PRIMARY KEY (id);


--
-- Name: Klinik_Website_explanation Klinik_Website_explanation_pkey; Type: CONSTRAINT; Schema: public; Owner: default
--

ALTER TABLE ONLY public."Klinik_Website_explanation"
    ADD CONSTRAINT "Klinik_Website_explanation_pkey" PRIMARY KEY (id);


--
-- Name: Klinik_Website_randevu Klinik_Website_randevu_pkey; Type: CONSTRAINT; Schema: public; Owner: default
--

ALTER TABLE ONLY public."Klinik_Website_randevu"
    ADD CONSTRAINT "Klinik_Website_randevu_pkey" PRIMARY KEY (telefon);


--
-- Name: Klinik_Website_servicepage Klinik_Website_servicepage_pkey; Type: CONSTRAINT; Schema: public; Owner: default
--

ALTER TABLE ONLY public."Klinik_Website_servicepage"
    ADD CONSTRAINT "Klinik_Website_servicepage_pkey" PRIMARY KEY (id);


--
-- Name: Klinik_Website_servicepage Klinik_Website_servicepage_slug_key; Type: CONSTRAINT; Schema: public; Owner: default
--

ALTER TABLE ONLY public."Klinik_Website_servicepage"
    ADD CONSTRAINT "Klinik_Website_servicepage_slug_key" UNIQUE (slug);


--
-- Name: Klinik_Website_services Klinik_Website_services_pkey; Type: CONSTRAINT; Schema: public; Owner: default
--

ALTER TABLE ONLY public."Klinik_Website_services"
    ADD CONSTRAINT "Klinik_Website_services_pkey" PRIMARY KEY (id);


--
-- Name: Klinik_Website_sliderimage Klinik_Website_sliderimage_pkey; Type: CONSTRAINT; Schema: public; Owner: default
--

ALTER TABLE ONLY public."Klinik_Website_sliderimage"
    ADD CONSTRAINT "Klinik_Website_sliderimage_pkey" PRIMARY KEY (id);


--
-- Name: Klinik_Website_sosyalmedya Klinik_Website_sosyalmedya_pkey; Type: CONSTRAINT; Schema: public; Owner: default
--

ALTER TABLE ONLY public."Klinik_Website_sosyalmedya"
    ADD CONSTRAINT "Klinik_Website_sosyalmedya_pkey" PRIMARY KEY (id);


--
-- Name: auth_group auth_group_name_key; Type: CONSTRAINT; Schema: public; Owner: default
--

ALTER TABLE ONLY public.auth_group
    ADD CONSTRAINT auth_group_name_key UNIQUE (name);


--
-- Name: auth_group_permissions auth_group_permissions_group_id_permission_id_0cd325b0_uniq; Type: CONSTRAINT; Schema: public; Owner: default
--

ALTER TABLE ONLY public.auth_group_permissions
    ADD CONSTRAINT auth_group_permissions_group_id_permission_id_0cd325b0_uniq UNIQUE (group_id, permission_id);


--
-- Name: auth_group_permissions auth_group_permissions_pkey; Type: CONSTRAINT; Schema: public; Owner: default
--

ALTER TABLE ONLY public.auth_group_permissions
    ADD CONSTRAINT auth_group_permissions_pkey PRIMARY KEY (id);


--
-- Name: auth_group auth_group_pkey; Type: CONSTRAINT; Schema: public; Owner: default
--

ALTER TABLE ONLY public.auth_group
    ADD CONSTRAINT auth_group_pkey PRIMARY KEY (id);


--
-- Name: auth_permission auth_permission_content_type_id_codename_01ab375a_uniq; Type: CONSTRAINT; Schema: public; Owner: default
--

ALTER TABLE ONLY public.auth_permission
    ADD CONSTRAINT auth_permission_content_type_id_codename_01ab375a_uniq UNIQUE (content_type_id, codename);


--
-- Name: auth_permission auth_permission_pkey; Type: CONSTRAINT; Schema: public; Owner: default
--

ALTER TABLE ONLY public.auth_permission
    ADD CONSTRAINT auth_permission_pkey PRIMARY KEY (id);


--
-- Name: auth_user_groups auth_user_groups_pkey; Type: CONSTRAINT; Schema: public; Owner: default
--

ALTER TABLE ONLY public.auth_user_groups
    ADD CONSTRAINT auth_user_groups_pkey PRIMARY KEY (id);


--
-- Name: auth_user_groups auth_user_groups_user_id_group_id_94350c0c_uniq; Type: CONSTRAINT; Schema: public; Owner: default
--

ALTER TABLE ONLY public.auth_user_groups
    ADD CONSTRAINT auth_user_groups_user_id_group_id_94350c0c_uniq UNIQUE (user_id, group_id);


--
-- Name: auth_user auth_user_pkey; Type: CONSTRAINT; Schema: public; Owner: default
--

ALTER TABLE ONLY public.auth_user
    ADD CONSTRAINT auth_user_pkey PRIMARY KEY (id);


--
-- Name: auth_user_user_permissions auth_user_user_permissions_pkey; Type: CONSTRAINT; Schema: public; Owner: default
--

ALTER TABLE ONLY public.auth_user_user_permissions
    ADD CONSTRAINT auth_user_user_permissions_pkey PRIMARY KEY (id);


--
-- Name: auth_user_user_permissions auth_user_user_permissions_user_id_permission_id_14a6b632_uniq; Type: CONSTRAINT; Schema: public; Owner: default
--

ALTER TABLE ONLY public.auth_user_user_permissions
    ADD CONSTRAINT auth_user_user_permissions_user_id_permission_id_14a6b632_uniq UNIQUE (user_id, permission_id);


--
-- Name: auth_user auth_user_username_key; Type: CONSTRAINT; Schema: public; Owner: default
--

ALTER TABLE ONLY public.auth_user
    ADD CONSTRAINT auth_user_username_key UNIQUE (username);


--
-- Name: django_admin_log django_admin_log_pkey; Type: CONSTRAINT; Schema: public; Owner: default
--

ALTER TABLE ONLY public.django_admin_log
    ADD CONSTRAINT django_admin_log_pkey PRIMARY KEY (id);


--
-- Name: django_content_type django_content_type_app_label_model_76bd3d3b_uniq; Type: CONSTRAINT; Schema: public; Owner: default
--

ALTER TABLE ONLY public.django_content_type
    ADD CONSTRAINT django_content_type_app_label_model_76bd3d3b_uniq UNIQUE (app_label, model);


--
-- Name: django_content_type django_content_type_pkey; Type: CONSTRAINT; Schema: public; Owner: default
--

ALTER TABLE ONLY public.django_content_type
    ADD CONSTRAINT django_content_type_pkey PRIMARY KEY (id);


--
-- Name: django_migrations django_migrations_pkey; Type: CONSTRAINT; Schema: public; Owner: default
--

ALTER TABLE ONLY public.django_migrations
    ADD CONSTRAINT django_migrations_pkey PRIMARY KEY (id);


--
-- Name: django_session django_session_pkey; Type: CONSTRAINT; Schema: public; Owner: default
--

ALTER TABLE ONLY public.django_session
    ADD CONSTRAINT django_session_pkey PRIMARY KEY (session_key);


--
-- Name: Klinik_Website_randevu_telefon_b89d9553_like; Type: INDEX; Schema: public; Owner: default
--

CREATE INDEX "Klinik_Website_randevu_telefon_b89d9553_like" ON public."Klinik_Website_randevu" USING btree (telefon varchar_pattern_ops);


--
-- Name: Klinik_Website_servicepage_slug_5cab68c9_like; Type: INDEX; Schema: public; Owner: default
--

CREATE INDEX "Klinik_Website_servicepage_slug_5cab68c9_like" ON public."Klinik_Website_servicepage" USING btree (slug varchar_pattern_ops);


--
-- Name: auth_group_name_a6ea08ec_like; Type: INDEX; Schema: public; Owner: default
--

CREATE INDEX auth_group_name_a6ea08ec_like ON public.auth_group USING btree (name varchar_pattern_ops);


--
-- Name: auth_group_permissions_group_id_b120cbf9; Type: INDEX; Schema: public; Owner: default
--

CREATE INDEX auth_group_permissions_group_id_b120cbf9 ON public.auth_group_permissions USING btree (group_id);


--
-- Name: auth_group_permissions_permission_id_84c5c92e; Type: INDEX; Schema: public; Owner: default
--

CREATE INDEX auth_group_permissions_permission_id_84c5c92e ON public.auth_group_permissions USING btree (permission_id);


--
-- Name: auth_permission_content_type_id_2f476e4b; Type: INDEX; Schema: public; Owner: default
--

CREATE INDEX auth_permission_content_type_id_2f476e4b ON public.auth_permission USING btree (content_type_id);


--
-- Name: auth_user_groups_group_id_97559544; Type: INDEX; Schema: public; Owner: default
--

CREATE INDEX auth_user_groups_group_id_97559544 ON public.auth_user_groups USING btree (group_id);


--
-- Name: auth_user_groups_user_id_6a12ed8b; Type: INDEX; Schema: public; Owner: default
--

CREATE INDEX auth_user_groups_user_id_6a12ed8b ON public.auth_user_groups USING btree (user_id);


--
-- Name: auth_user_user_permissions_permission_id_1fbb5f2c; Type: INDEX; Schema: public; Owner: default
--

CREATE INDEX auth_user_user_permissions_permission_id_1fbb5f2c ON public.auth_user_user_permissions USING btree (permission_id);


--
-- Name: auth_user_user_permissions_user_id_a95ead1b; Type: INDEX; Schema: public; Owner: default
--

CREATE INDEX auth_user_user_permissions_user_id_a95ead1b ON public.auth_user_user_permissions USING btree (user_id);


--
-- Name: auth_user_username_6821ab7c_like; Type: INDEX; Schema: public; Owner: default
--

CREATE INDEX auth_user_username_6821ab7c_like ON public.auth_user USING btree (username varchar_pattern_ops);


--
-- Name: django_admin_log_content_type_id_c4bce8eb; Type: INDEX; Schema: public; Owner: default
--

CREATE INDEX django_admin_log_content_type_id_c4bce8eb ON public.django_admin_log USING btree (content_type_id);


--
-- Name: django_admin_log_user_id_c564eba6; Type: INDEX; Schema: public; Owner: default
--

CREATE INDEX django_admin_log_user_id_c564eba6 ON public.django_admin_log USING btree (user_id);


--
-- Name: django_session_expire_date_a5c62663; Type: INDEX; Schema: public; Owner: default
--

CREATE INDEX django_session_expire_date_a5c62663 ON public.django_session USING btree (expire_date);


--
-- Name: django_session_session_key_c0390e0f_like; Type: INDEX; Schema: public; Owner: default
--

CREATE INDEX django_session_session_key_c0390e0f_like ON public.django_session USING btree (session_key varchar_pattern_ops);


--
-- Name: auth_group_permissions auth_group_permissio_permission_id_84c5c92e_fk_auth_perm; Type: FK CONSTRAINT; Schema: public; Owner: default
--

ALTER TABLE ONLY public.auth_group_permissions
    ADD CONSTRAINT auth_group_permissio_permission_id_84c5c92e_fk_auth_perm FOREIGN KEY (permission_id) REFERENCES public.auth_permission(id) DEFERRABLE INITIALLY DEFERRED;


--
-- Name: auth_group_permissions auth_group_permissions_group_id_b120cbf9_fk_auth_group_id; Type: FK CONSTRAINT; Schema: public; Owner: default
--

ALTER TABLE ONLY public.auth_group_permissions
    ADD CONSTRAINT auth_group_permissions_group_id_b120cbf9_fk_auth_group_id FOREIGN KEY (group_id) REFERENCES public.auth_group(id) DEFERRABLE INITIALLY DEFERRED;


--
-- Name: auth_permission auth_permission_content_type_id_2f476e4b_fk_django_co; Type: FK CONSTRAINT; Schema: public; Owner: default
--

ALTER TABLE ONLY public.auth_permission
    ADD CONSTRAINT auth_permission_content_type_id_2f476e4b_fk_django_co FOREIGN KEY (content_type_id) REFERENCES public.django_content_type(id) DEFERRABLE INITIALLY DEFERRED;


--
-- Name: auth_user_groups auth_user_groups_group_id_97559544_fk_auth_group_id; Type: FK CONSTRAINT; Schema: public; Owner: default
--

ALTER TABLE ONLY public.auth_user_groups
    ADD CONSTRAINT auth_user_groups_group_id_97559544_fk_auth_group_id FOREIGN KEY (group_id) REFERENCES public.auth_group(id) DEFERRABLE INITIALLY DEFERRED;


--
-- Name: auth_user_groups auth_user_groups_user_id_6a12ed8b_fk_auth_user_id; Type: FK CONSTRAINT; Schema: public; Owner: default
--

ALTER TABLE ONLY public.auth_user_groups
    ADD CONSTRAINT auth_user_groups_user_id_6a12ed8b_fk_auth_user_id FOREIGN KEY (user_id) REFERENCES public.auth_user(id) DEFERRABLE INITIALLY DEFERRED;


--
-- Name: auth_user_user_permissions auth_user_user_permi_permission_id_1fbb5f2c_fk_auth_perm; Type: FK CONSTRAINT; Schema: public; Owner: default
--

ALTER TABLE ONLY public.auth_user_user_permissions
    ADD CONSTRAINT auth_user_user_permi_permission_id_1fbb5f2c_fk_auth_perm FOREIGN KEY (permission_id) REFERENCES public.auth_permission(id) DEFERRABLE INITIALLY DEFERRED;


--
-- Name: auth_user_user_permissions auth_user_user_permissions_user_id_a95ead1b_fk_auth_user_id; Type: FK CONSTRAINT; Schema: public; Owner: default
--

ALTER TABLE ONLY public.auth_user_user_permissions
    ADD CONSTRAINT auth_user_user_permissions_user_id_a95ead1b_fk_auth_user_id FOREIGN KEY (user_id) REFERENCES public.auth_user(id) DEFERRABLE INITIALLY DEFERRED;


--
-- Name: django_admin_log django_admin_log_content_type_id_c4bce8eb_fk_django_co; Type: FK CONSTRAINT; Schema: public; Owner: default
--

ALTER TABLE ONLY public.django_admin_log
    ADD CONSTRAINT django_admin_log_content_type_id_c4bce8eb_fk_django_co FOREIGN KEY (content_type_id) REFERENCES public.django_content_type(id) DEFERRABLE INITIALLY DEFERRED;


--
-- Name: django_admin_log django_admin_log_user_id_c564eba6_fk_auth_user_id; Type: FK CONSTRAINT; Schema: public; Owner: default
--

ALTER TABLE ONLY public.django_admin_log
    ADD CONSTRAINT django_admin_log_user_id_c564eba6_fk_auth_user_id FOREIGN KEY (user_id) REFERENCES public.auth_user(id) DEFERRABLE INITIALLY DEFERRED;


--
-- Name: DEFAULT PRIVILEGES FOR SEQUENCES; Type: DEFAULT ACL; Schema: public; Owner: cloud_admin
--

ALTER DEFAULT PRIVILEGES FOR ROLE cloud_admin IN SCHEMA public GRANT ALL ON SEQUENCES TO neon_superuser WITH GRANT OPTION;


--
-- Name: DEFAULT PRIVILEGES FOR TABLES; Type: DEFAULT ACL; Schema: public; Owner: cloud_admin
--

ALTER DEFAULT PRIVILEGES FOR ROLE cloud_admin IN SCHEMA public GRANT ALL ON TABLES TO neon_superuser WITH GRANT OPTION;


--
-- PostgreSQL database dump complete
--

